file,filename,num_tracks,total_notes,programs,tempos,time_signatures,key_signatures,duration_secs
..\..\data\acsrnade.mid,acsrnade.mid,2,1652,{0},150.0,4/4,C,406.0083333333333
..\..\data\adingysd.mid,adingysd.mid,2,2353,{0},80.0,2/4,Bb,308.0083333333333
..\..\data\adlyn.mid,adlyn.mid,2,4650,{0},89.72002865059582,2/4,D,2678.008333333333
..\..\data\afrcnpas.mid,afrcnpas.mid,2,2041,{0},83.99996640001343,2/4,G,235.00833333333333
..\..\data\agitaton.mid,agitaton.mid,2,2971,{0},91.91993161157087,2/4,Bb,307.94166666666666
..\..\data\ailucky.mid,ailucky.mid,2,1878,{0},97.9999836666694,2/4,G,199.34166666666667
..\..\data\aladream.mid,aladream.mid,2,2282,{0},104.99992125005906,2/4,F,335.525
..\..\data\alagazam.mid,alagazam.mid,2,2531,{0},107.10995908399563,2/4,C,310.35
..\..\data\alexrsrb.mid,alexrsrb.mid,2,1351,{0},180.00018000018,4/4,F,439.0083333333333
..\..\data\amazon.mid,amazon.mid,2,1674,{0},95.8899949977386,2/4,Bb,246.13333333333333
..\..\data\amrcnbty.mid,amrcnbty.mid,2,2550,{0},88.00002346667293,2/4,Eb,302.0083333333333
..\..\data\amweddng.mid,amweddng.mid,2,1419,{0},210.00021000021,4/4,Bb,378.0083333333333
..\..\data\anoma.mid,anoma.mid,2,2738,{0},95.93997994854419,2/4,C,358.01666666666665
..\..\data\antointe.mid,antointe.mid,2,2355,{0},175.05981210246836,6/8,G,475.84166666666664
..\..\data\applejck.mid,applejck.mid,2,2046,{0},83.99996640001343,2/4,C,299.0083333333333
..\..\data\applsass.mid,applsass.mid,2,2501,{0},80.0,1/4,G,276.0083333333333
..\..\data\armadill.mid,armadill.mid,2,3112,{0},82.99995020002989,2/4,F,314.21666666666664
..\..\data\ashyafrc.mid,ashyafrc.mid,2,2252,{0},97.9999836666694,2/4,C,310.0083333333333
..\..\data\atgrapes.mid,atgrapes.mid,2,2100,{0},104.86998743307984,2/4,Bb,368.0083333333333
..\..\data\atlanta.mid,atlanta.mid,2,3580,{0},115.20007372804719,2/4,Db,452.0083333333333
..\..\data\augustan.mid,augustan.mid,2,2800,{0},198.46979785851087,3/4,Bb,811.4916666666667
..\..\data\bachelrb.mid,bachelrb.mid,2,3041,{0},96.0,2/4,C,400.51666666666665
..\..\data\bantam.mid,bantam.mid,2,1802,{0},190.0002850004275,4/4,C,540.0083333333333
..\..\data\barbwire.mid,barbwire.mid,2,2304,{0},170.0000850000425,4/4,C,558.5916666666667
..\..\data\bck2life.mid,bck2life.mid,2,2121,{0},97.1699259079315,2/4,F,250.925
..\..\data\beeswax.mid,beeswax.mid,2,2012,{0},100.0,2/4,G,299.0083333333333
..\..\data\belleofc.mid,belleofc.mid,2,1986,{0},239.74970131183045,4/4,C,1024.0083333333334
..\..\data\benhur.mid,benhur.mid,2,3254,{0},120.0,2/4,Eb,448.01666666666665
..\..\data\bethena.mid,bethena.mid,2,2739,{0},124.01998375338214,3/4,G,810.0083333333333
..\..\data\bfootlou.mid,bfootlou.mid,2,1817,{0},86.00005160003096,2/4,C,235.00833333333333
..\..\data\billikin.mid,billikin.mid,2,1771,{0},91.99998773333498,2/4,F,268.0083333333333
..\..\data\binkswlz.mid,binkswlz.mid,2,2809,{0},147.71994268466224,3/4,Bb,627.0166666666667
..\..\data\blackand.mid,blackand.mid,2,1896,{0},100.49998743750157,2/4,G,265.425
..\..\data\blackcat.mid,blackcat.mid,2,2473,{0},180.00018000018,4/4,F,536.0083333333333
..\..\data\blacksmk.mid,blacksmk.mid,2,2285,{0},107.99991360006912,2/4,G,351.35
..\..\data\blazaway.mid,blazaway.mid,2,2624,{0},179.73973686102522,6/8,C,596.1583333333333
..\..\data\blckbawl.mid,blckbawl.mid,2,3021,{0},180.00018000018,4/4,C,692.0166666666667
..\..\data\blckblue.mid,blckblue.mid,2,1920,{0},87.85995123772706,2/4,F,267.9916666666667
..\..\data\blkdimnd.mid,blkdimnd.mid,2,1994,{0},75.0,2/4,G,285.0083333333333
..\..\data\blkwhtgb.mid,blkwhtgb.mid,2,1842,{0},201.0003115504829,4/4,G,530.7583333333333
..\..\data\blugoose.mid,blugoose.mid,2,2959,{0},187.99996240000752,4/4,C,732.0083333333333
..\..\data\bnchblkb.mid,bnchblkb.mid,2,1846,{0},86.00005160003096,2/4,C,309.0083333333333
..\..\data\bohemia.mid,bohemia.mid,2,2651,{0},95.82001169004143,2/4,G,460.0083333333333
..\..\data\bolorag.mid,bolorag.mid,2,2801,{0},80.0,2/4,C,273.0083333333333
..\..\data\bowerybk.mid,bowerybk.mid,2,1251,{0},77.99997660000702,2/4,C,196.00833333333333
..\..\data\breezefa.mid,breezefa.mid,2,2944,{0},89.00004005001803,2/4,C,356.025
..\..\data\broadway.mid,broadway.mid,2,2724,{0},94.99999208333399,2/4,G,318.01666666666665
..\..\data\bronchob.mid,bronchob.mid,2,2750,{0},184.2497197868845,4/4,C,647.9833333333333
..\..\data\budrag.mid,budrag.mid,2,1672,{0},100.1599220088074,2/4,C,264.01666666666665
..\..\data\buffalo.mid,buffalo.mid,2,1599,{0},88.00002346667293,2/4,F,205.00833333333333
..\..\data\bugsrag.mid,bugsrag.mid,2,1746,{0},101.89006062458607,2/4,C,256.43333333333334
..\..\data\bumbleb.mid,bumbleb.mid,2,1383,{0},86.00005160003096,2/4,G,205.00833333333333
..\..\data\bunnyhug.mid,bunnyhug.mid,2,2084,{0},85.86995567679121,2/4,F,278.01666666666665
..\..\data\burnrome.mid,burnrome.mid,2,3896,{0},119.98992084664889,2/4,Eb,518.0166666666667
..\..\data\cabbgelf.mid,cabbgelf.mid,2,1850,{0},77.99997660000702,2/4,G,203.00833333333333
..\..\data\cactus.mid,cactus.mid,2,3278,{0},75.0,2/4,Eb,317.0083333333333
..\..\data\callally.mid,callally.mid,2,1416,{0},80.0,2/4,F,211.00833333333333
..\..\data\canadian.mid,canadian.mid,2,2678,{0},180.00018000018,4/4,C,771.0083333333333
..\..\data\canonbal.mid,canonbal.mid,2,2426,{0},96.0,2/4,C,229.00833333333333
..\..\data\carbarac.mid,carbarac.mid,2,2039,{0},109.99990833340972,2/4,Eb,272.0083333333333
..\..\data\carnival.mid,carnival.mid,2,1599,{0},96.0,2/4,C,309.01666666666665
..\..\data\carnking.mid,carnking.mid,2,3499,{0},119.95010075808463,2/4,Eb,488.51666666666665
..\..\data\cascades.mid,cascades.mid,2,2422,{0},88.00002346667293,2/4,C,276.2583333333333
..\..\data\castlehr.mid,castlehr.mid,2,2068,{0},170.3002108884278,4/4,C,588.0166666666667
..\..\data\catnip.mid,catnip.mid,2,1686,{0},180.00018000018,6/8,G,398.0416666666667
..\..\data\chcapers.mid,chcapers.mid,2,1464,{0},89.9999550000225,2/4,F,212.00833333333333
..\..\data\chckrbrd.mid,chckrbrd.mid,2,2704,{0},82.00003553334874,2/4,C,275.0083333333333
..\..\data\chestnut.mid,chestnut.mid,2,1507,{0},96.0,2/4,G,207.34166666666667
..\..\data\chiblues.mid,chiblues.mid,2,1439,{0},69.99998833333528,2/4,F,189.00833333333333
..\..\data\chilisce.mid,chilisce.mid,2,1778,{0},83.99996640001343,2/4,C,235.01666666666668
..\..\data\chillsaf.mid,chillsaf.mid,2,1709,{0},180.64018882921073,4/4,C,475.65833333333336
..\..\data\chimes.mid,chimes.mid,2,1828,{0},96.0,2/4,F,278.0083333333333
..\..\data\chinatwn.mid,chinatwn.mid,2,2230,{0},145.67986364364762,4/4,F,481.625
..\..\data\chmpagne.mid,chmpagne.mid,2,2937,{0},184.65004200788457,4/4,F,928.0083333333333
..\..\data\chrysnth.mid,chrysnth.mid,2,2327,{0},87.00002175000543,2/4,Bb,337.4
..\..\data\chttrbox.mid,chttrbox.mid,2,1486,{0},88.00002346667293,2/4,G,206.00833333333333
..\..\data\circuspr.mid,circuspr.mid,2,3400,{0},180.00018000018,6/8,Eb,639.0083333333333
..\..\data\cleopha.mid,cleopha.mid,2,2242,{0},105.71997949032398,2/4,F,306.01666666666665
..\..\data\climax.mid,climax.mid,2,2407,{0},91.99998773333498,2/4,Ab,298.01666666666665
..\..\data\climbers.mid,climbers.mid,2,2145,{0},91.99998773333498,2/4,Eb,238.00833333333333
..\..\data\clnlglde.mid,clnlglde.mid,2,2496,{0},80.0,2/4,Ab,277.0083333333333
..\..\data\clnnupga.mid,clnnupga.mid,2,1887,{0},104.99992125005906,2/4,F,325.0083333333333
..\..\data\cloverlf.mid,cloverlf.mid,2,2462,{0},89.9999550000225,2/4,C,267.0083333333333
..\..\data\cmpnodos.mid,cmpnodos.mid,2,2429,{0},89.9999550000225,2/4,G,349.0083333333333
..\..\data\cntryclb.mid,cntryclb.mid,2,2534,{0},82.06003512169504,2/4,C,302.55
..\..\data\colesmok.mid,colesmok.mid,2,2440,{0},96.0,2/4,Eb,318.01666666666665
..\..\data\college.mid,college.mid,2,1341,{0},195.000195000195,6/8,F,338.0083333333333
..\..\data\combntnm.mid,combntnm.mid,2,2512,{0},179.89008715674723,4/4,Bb,585.55
..\..\data\conquerm.mid,conquerm.mid,2,3187,{0},240.1296700218118,4/4,Eb,847.0083333333333
..\..\data\cotnbelt.mid,cotnbelt.mid,2,1806,{0},104.99992125005906,2/4,C,240.00833333333333
..\..\data\cottonpa.mid,cottonpa.mid,2,2415,{0},89.9999550000225,2/4,Eb,300.0083333333333
..\..\data\cottontm.mid,cottontm.mid,3,1679,"{0, 112}",94.99999208333399,2/4,C,261.0083333333333
..\..\data\cowperth.mid,cowperth.mid,2,1780,{0},189.77972899454699,6/8,C,452.325
..\..\data\crabappl.mid,crabappl.mid,2,1930,{0},91.99998773333498,2/4,C,271.525
..\..\data\creolebs.mid,creolebs.mid,2,2107,{0},93.99998120000376,2/4,G,308.0083333333333
..\..\data\crimsonr.mid,crimsonr.mid,2,2032,{0},86.00005160003096,2/4,C,300.0083333333333
..\..\data\crushcm.mid,crushcm.mid,2,3394,{0},200.39009271381622,4/4,F,816.0166666666667
..\..\data\cttnblls.mid,cttnblls.mid,2,1908,{0},192.0,4/4,Db,536.0083333333333
..\..\data\cubanola.mid,cubanola.mid,2,2270,{0},90.99995298335763,2/4,C,272.10833333333335
..\..\data\cum-bac.mid,cum-bac.mid,2,2143,{0},102.0000510000255,2/4,C,295.5083333333333
..\..\data\cyclone.mid,cyclone.mid,2,2492,{0},83.99996640001343,2/4,Bb,308.025
..\..\data\dakota.mid,dakota.mid,2,2070,{0},108.1800332112702,2/4,F,324.51666666666665
..\..\data\demonrag.mid,demonrag.mid,2,1972,{0},96.0,2/4,Bb,278.01666666666665
..\..\data\diablo.mid,diablo.mid,2,2459,{0},88.00002346667293,2/4,Eb,260.19166666666666
..\..\data\dillpckl.mid,dillpckl.mid,2,1714,{0},100.0,2/4,G,240.01666666666668
..\..\data\dimples.mid,dimples.mid,2,2557,{0},176.00004693334586,4/4,C,602.0083333333333
..\..\data\dinglpop.mid,dinglpop.mid,2,2271,{0},180.27004452670099,4/4,C,506.51666666666665
..\..\data\dixblsms.mid,dixblsms.mid,2,1962,{0},102.05001471221046,2/4,C,272.51666666666665
..\..\data\dixdmpls.mid,dixdmpls.mid,2,2509,{0},148.000148000148,4/4,C,538.0083333333333
..\..\data\dixegirl.mid,dixegirl.mid,2,1899,{0},94.99999208333399,2/4,Bb,276.0083333333333
..\..\data\dixqueen.mid,dixqueen.mid,2,1664,{0},93.99998120000376,2/4,F,239.00833333333333
..\..\data\docbrown.mid,docbrown.mid,2,1994,{0},88.00002346667293,2/4,G,299.0083333333333
..\..\data\dontjazz.mid,dontjazz.mid,2,3017,{0},89.9999550000225,2/4,C,318.01666666666665
..\..\data\dope.mid,dope.mid,2,2342,{0},97.9999836666694,2/4,C,327.5083333333333
..\..\data\downhome.mid,downhome.mid,2,1560,{0},170.36984453751685,4/4,C,390.51666666666665
..\..\data\drkytodl.mid,drkytodl.mid,2,2140,{0},170.0000850000425,4/4,C,534.0166666666667
..\..\data\dustyrag.mid,dustyrag.mid,2,1600,{0},86.00005160003096,2/4,C,204.00833333333333
..\..\data\eatntime.mid,eatntime.mid,2,2580,{0},85.00004250002125,2/4,C,301.7583333333333
..\..\data\efficncy.mid,efficncy.mid,2,2933,{0},91.99998773333498,2/4,C,318.01666666666665
"..\..\data\Eight_O'Clock_Rush,_The_[1911]_composed_by_Bess_E._Rudisell_www.ragtimemusic.com.mid","Eight_O'Clock_Rush,_The_[1911]_composed_by_Bess_E._Rudisell_www.ragtimemusic.com.mid",2,2503,{0},96.0,2/4,G,365.0083333333333
..\..\data\eligreen.mid,eligreen.mid,2,1909,{0},80.0,2/4,F,299.0083333333333
..\..\data\elitesyn.mid,elitesyn.mid,2,2567,{0},80.56005349187552,2/4,F,302.55
..\..\data\elksgrnd.mid,elksgrnd.mid,2,3038,{0},180.00018000018,6/8,Eb,636.0083333333333
..\..\data\emancptn.mid,emancptn.mid,2,1844,{0},96.0699389155305,2/4,F,280.2083333333333
..\..\data\encore.mid,encore.mid,2,2233,{0},97.9999836666694,2/4,F,278.01666666666665
..\..\data\entertnr.mid,entertnr.mid,2,2621,{0},75.99996960001216,2/4,C,307.1333333333333
..\..\data\ethiopia.mid,ethiopia.mid,2,2899,{0},76.8,2/4,Ab,299.0083333333333
..\..\data\eugenia.mid,eugenia.mid,2,3179,{0},72.19999398333384,2/4,Bb,334.55
..\..\data\euphonic.mid,euphonic.mid,2,2466,{0},78.66995332249437,2/4,Bb,278.55
..\..\data\evrgreen.mid,evrgreen.mid,2,2120,{0},93.99998120000376,2/4,G,298.01666666666665
..\..\data\evrybody.mid,evrybody.mid,2,2704,{0},82.00003553334874,2/4,C,238.51666666666668
..\..\data\exclsior.mid,exclsior.mid,2,2714,{0},88.14002511990716,2/4,Db,294.075
..\..\data\ezwnnrs.mid,ezwnnrs.mid,2,2518,{0},89.00004005001803,2/4,Ab,307.0083333333333
..\..\data\fascintr.mid,fascintr.mid,2,2449,{0},75.99996960001216,2/4,C,298.0083333333333
..\..\data\favorite.mid,favorite.mid,2,2127,{0},88.00002346667293,2/4,Bb,299.0083333333333
..\..\data\felicity.mid,felicity.mid,2,2366,{0},86.00005160003096,2/4,C,276.0083333333333
..\..\data\felixrag.mid,felixrag.mid,2,3245,{0},97.9999836666694,2/4,C,398.01666666666665
..\..\data\figleaf.mid,figleaf.mid,2,3134,{0},80.229992645584,2/4,Bb,344.01666666666665
..\..\data\fizzh2o.mid,fizzh2o.mid,2,2432,{0},96.99995311668933,2/4,G,580.0083333333333
..\..\data\florida.mid,florida.mid,2,2055,{0},97.9999836666694,2/4,G,239.50833333333333
..\..\data\flyingar.mid,flyingar.mid,2,2651,{0},80.0,2/4,G,365.0083333333333
..\..\data\freckles.mid,freckles.mid,2,2432,{0},89.9999550000225,2/4,Ab,342.0083333333333
..\..\data\friedckn.mid,friedckn.mid,2,2148,{0},91.87995577511462,2/4,C,196.01666666666668
..\..\data\frisco.mid,frisco.mid,2,2238,{0},83.99996640001343,2/4,C,257.0083333333333
..\..\data\froglegs.mid,froglegs.mid,2,2401,{0},96.99995311668933,2/4,Db,298.0083333333333
..\..\data\frozenb.mid,frozenb.mid,2,2009,{0},97.9999836666694,2/4,F,263.5083333333333
..\..\data\funfolks.mid,funfolks.mid,2,1944,{0},96.0,2/4,Bb,300.0083333333333
..\..\data\gasoline.mid,gasoline.mid,2,2006,{0},84.08001053802799,2/4,G,236.00833333333333
..\..\data\gboldgal.mid,gboldgal.mid,3,2321,"{0, 85}",96.0,2/4,F,246.00833333333333
..\..\data\gensmith.mid,gensmith.mid,2,1507,{0},210.00021000021,4/4,A,370.0083333333333
..\..\data\gladcat.mid,gladcat.mid,2,2659,{0},86.00005160003096,2/4,Bb,296.0083333333333
..\..\data\gladiols.mid,gladiols.mid,2,3107,{0},69.44002407254168,2/4,Ab,296.55
..\..\data\gldndeer.mid,gldndeer.mid,2,533,{0},88.00002346667293,2/4,C,99.00833333333334
..\..\data\gobblers.mid,gobblers.mid,2,1574,{0},185.99979540022505,4/4,F,450.84166666666664
..\..\data\goldspdr.mid,goldspdr.mid,2,2348,{0},93.99998120000376,2/4,C,297.5083333333333
..\..\data\gracebty.mid,gracebty.mid,2,2747,{0},91.99998773333498,2/4,Ab,303.59166666666664
..\..\data\grtscott.mid,grtscott.mid,2,2374,{0},97.9999836666694,2/4,G,298.01666666666665
..\..\data\gumshoe.mid,gumshoe.mid,2,1838,{0},170.0000850000425,4/4,C,446.0083333333333
..\..\data\halleys.mid,halleys.mid,2,2123,{0},91.99998773333498,2/4,Eb,295.5083333333333
..\..\data\hamand.mid,hamand.mid,2,2795,{0},120.0,2/4,C,301.0083333333333
..\..\data\handplay.mid,handplay.mid,2,1961,{0},77.200007205334,2/4,C,250.00833333333333
..\..\data\hapheine.mid,hapheine.mid,2,1762,{0},108.36995334673509,2/4,Bb,273.1333333333333
..\..\data\harlem.mid,harlem.mid,2,2020,{0},94.99999208333399,2/4,C,262.0083333333333
..\..\data\harmonyc.mid,harmonyc.mid,2,4531,{0},120.0,4/4,Bb,1050.025
..\..\data\hayride.mid,hayride.mid,2,2024,{0},107.99991360006912,2/4,C,301.0083333333333
..\..\data\heliotrp.mid,heliotrp.mid,2,2657,{0},73.190011027295,2/4,G,288.01666666666665
..\..\data\highyell.mid,highyell.mid,2,2249,{0},104.99992125005906,2/4,G,327.34166666666664
..\..\data\hilarity.mid,hilarity.mid,2,2518,{0},96.0,2/4,Ab,298.01666666666665
..\..\data\hindurag.mid,hindurag.mid,2,2311,{0},88.00002346667293,2/4,C,251.36666666666667
..\..\data\holymose.mid,holymose.mid,2,2454,{0},89.9999550000225,2/4,G,340.0083333333333
..\..\data\honeyrag.mid,honeyrag.mid,2,2402,{0},83.99996640001343,2/4,C,301.0083333333333
..\..\data\honeysuc.mid,honeysuc.mid,2,1769,{0},95.82001169004143,2/4,Bb,238.51666666666668
..\..\data\hoosier.mid,hoosier.mid,2,1814,{0},80.0,2/4,Bb,235.00833333333333
..\..\data\horsesho.mid,horsesho.mid,2,2386,{0},80.0,2/4,F,237.00833333333333
..\..\data\hotcabge.mid,hotcabge.mid,2,2038,{0},96.34994299295039,2/4,G,214.51666666666668
..\..\data\hotchoc.mid,hotchoc.mid,2,1846,{0},83.99996640001343,2/4,G,237.00833333333333
..\..\data\hothouse.mid,hothouse.mid,2,2098,{0},77.99997660000702,2/4,C,227.00833333333333
..\..\data\hotsctch.mid,hotsctch.mid,2,1712,{0},91.99998773333498,2/4,F,229.35833333333332
..\..\data\hyacinth.mid,hyacinth.mid,2,2243,{0},105.03006485606505,2/4,G,264.51666666666665
..\..\data\icepalce.mid,icepalce.mid,2,3163,{0},180.64997862308587,6/8,C,606.5083333333333
..\..\data\ida-ho.mid,ida-ho.mid,2,2774,{0},104.99992125005906,2/4,G,355.0083333333333
..\..\data\igtblues.mid,igtblues.mid,2,1484,{0},89.9999550000225,2/4,G,212.00833333333333
..\..\data\imalabnd.mid,imalabnd.mid,2,1640,{0},93.00004185001883,2/4,F,205.00833333333333
..\..\data\impecund.mid,impecund.mid,2,2322,{0},80.0,2/4,Eb,306.0083333333333
..\..\data\imprlrag.mid,imprlrag.mid,2,1333,{0},102.69998254100297,2/4,Bb,150.26666666666668
..\..\data\inksplch.mid,inksplch.mid,2,2052,{0},140.00014000014,4/4,F,389.0083333333333
..\..\data\intokio.mid,intokio.mid,2,2030,{0},93.99998120000376,2/4,C,366.01666666666665
..\..\data\jackfrst.mid,jackfrst.mid,2,2983,{0},97.79998924200119,2/4,G,318.51666666666665
..\..\data\jamaica.mid,jamaica.mid,2,2210,{0},86.00005160003096,2/4,C,238.01666666666668
..\..\data\jinxrag.mid,jinxrag.mid,2,2614,{0},65.99999340000066,2/4,F,275.0083333333333
..\..\data\jjjrag.mid,jjjrag.mid,2,1965,{0},75.99996960001216,2/4,C,236.00833333333333
..\..\data\jstaskme.mid,jstaskme.mid,2,1724,{0},172.00010320006191,4/4,C,471.0083333333333
..\..\data\jungletm.mid,jungletm.mid,2,2971,{0},96.0,2/4,Ab,398.01666666666665
..\..\data\kalamity.mid,kalamity.mid,2,2094,{0},86.28003623761522,2/4,C,261.7083333333333
..\..\data\kansascr.mid,kansascr.mid,2,2228,{0},97.9999836666694,2/4,C,318.01666666666665
..\..\data\kindfell.mid,kindfell.mid,2,1362,{0},180.00018000018,6/8,G,300.0083333333333
..\..\data\kinklets.mid,kinklets.mid,2,2173,{0},89.9999550000225,2/4,Bb,278.0083333333333
..\..\data\kismet.mid,kismet.mid,2,2907,{0},81.8300471750222,2/4,C,304.55
..\..\data\kitten.mid,kitten.mid,2,3062,{0},199.5802162784277,4/4,F,669.1166666666667
..\..\data\kkkwalk.mid,kkkwalk.mid,1,788,{105},85.00004250002125,2/4,E,221.00833333333333
..\..\data\knicknok.mid,knicknok.mid,2,3909,{0},92.8100086313308,2/4,C,436.0
..\..\data\larag.mid,larag.mid,2,2659,{0},82.00003553334874,2/4,C,363.7583333333333
..\..\data\leola.mid,leola.mid,2,2862,{0},78.18995467588961,2/4,Ab,298.01666666666665
..\..\data\levrevls.mid,levrevls.mid,2,2296,{0},190.0002850004275,4/4,G,761.025
..\..\data\lilyquen.mid,lilyquen.mid,2,2740,{0},88.00002346667293,2/4,C,318.01666666666665
..\..\data\lilyrag.mid,lilyrag.mid,2,1781,{0},85.00004250002125,2/4,Db,214.00833333333333
..\..\data\liontamr.mid,liontamr.mid,2,3745,{0},97.8299682541753,2/4,G,475.95
..\..\data\littlebb.mid,littlebb.mid,3,1560,"{0, 73}",89.9999550000225,4/4,Bb,236.00833333333333
..\..\data\livewire.mid,livewire.mid,2,1788,{0},96.99995311668933,2/4,F,231.50833333333333
..\..\data\louisana.mid,louisana.mid,2,2542,{0},102.0000510000255,2/4,D,558.0166666666667
..\..\data\loving.mid,loving.mid,2,1471,{0},173.99979120025057,4/4,C,282.0083333333333
..\..\data\lovnbabe.mid,lovnbabe.mid,3,1999,"{57, 58, 52}",85.00004250002125,2/4,G,212.00833333333333
..\..\data\magnetic.mid,magnetic.mid,2,3045,{0},176.00004693334586,4/4,Bb,764.0083333333333
..\..\data\majestic.mid,majestic.mid,2,2818,{0},162.000162000162,4/4,Eb,567.0083333333333
..\..\data\mandysbs.mid,mandysbs.mid,2,2231,{0},156.000156000156,4/4,G,566.0083333333333
..\..\data\Maple_Leaf_Rag_[1899]_composed_by_Scott_Joplin_www.ragtimemusic.com.mid,Maple_Leaf_Rag_[1899]_composed_by_Scott_Joplin_www.ragtimemusic.com.mid,2,2567,{0},97.9999836666694,2/4,Ab,294.0083333333333
..\..\data\marchtga.mid,marchtga.mid,2,1722,{0},140.53003243901583,4/4,F,358.3333333333333
..\..\data\martbaby.mid,martbaby.mid,2,1643,{0},167.99993280002687,4/4,C,538.0083333333333
..\..\data\medicrag.mid,medicrag.mid,2,2631,{0},82.00003553334874,2/4,Ab,287.0083333333333
..\..\data\memphisb.mid,memphisb.mid,2,1877,{0},64.0,2/4,F,228.00833333333333
..\..\data\missouri.mid,missouri.mid,2,1910,{0},101.00006901671382,2/4,C,263.5083333333333
..\..\data\missrag.mid,missrag.mid,2,2799,{0},104.00001386666851,2/4,F,398.01666666666665
..\..\data\mmajstic.mid,mmajstic.mid,2,2170,{0},190.0002850004275,6/8,G,499.5083333333333
..\..\data\mockingb.mid,mockingb.mid,2,2114,{0},115.00002875000719,2/4,F,360.01666666666665
..\..\data\modesty.mid,modesty.mid,2,2314,{0},73.99998273333736,2/4,G,267.0083333333333
..\..\data\momule.mid,momule.mid,2,2689,{0},112.00005973336519,2/4,C,588.0083333333333
..\..\data\moonshne.mid,moonshne.mid,2,2147,{0},80.0,2/4,C,250.00833333333333
..\..\data\mooserag.mid,mooserag.mid,2,2074,{0},109.99990833340972,2/4,C,295.34166666666664
..\..\data\motorbus.mid,motorbus.mid,2,2675,{0},80.19996524668173,2/4,C,198.01666666666668
..\..\data\movierag.mid,movierag.mid,2,2075,{0},191.96007230496056,4/4,C,604.0166666666667
..\..\data\mplfsong.mid,mplfsong.mid,5,1987,"{73, 61, 62}",75.99996960001216,1/4,Eb,204.00833333333333
..\..\data\mshdpota.mid,mshdpota.mid,2,2564,{0},89.9999550000225,2/4,C,284.0083333333333
..\..\data\musicbox.mid,musicbox.mid,2,1986,{0},157.999931533363,4/4,F,488.0083333333333
..\..\data\muttjeff.mid,muttjeff.mid,2,3137,{0},85.98994490910863,2/4,C,299.55
..\..\data\myanelzr.mid,myanelzr.mid,3,1063,"{0, 73}",75.0,2/4,C,131.00833333333333
..\..\data\nappylee.mid,nappylee.mid,2,2169,{0},86.40005529603539,2/4,G,299.0083333333333
..\..\data\newera.mid,newera.mid,2,2627,{0},88.00002346667293,2/4,F,276.0083333333333
..\..\data\newrag.mid,newrag.mid,2,2603,{0},89.9999550000225,2/4,C,313.0083333333333
..\..\data\niagara.mid,niagara.mid,2,1410,{0},115.65997509455202,2/4,Bb,181.15
..\..\data\nonparel.mid,nonparel.mid,2,2810,{0},75.5999803440051,2/4,Bb,270.55
..\..\data\nothingd.mid,nothingd.mid,2,1617,{0},92.39995010402694,2/4,C,126.26666666666667
..\..\data\novelty.mid,novelty.mid,2,2339,{0},90.31995845281911,2/4,Ab,240.51666666666668
..\..\data\ntoerag.mid,ntoerag.mid,2,1872,{0},96.0,2/4,F,263.59166666666664
..\..\data\oldcrow.mid,oldcrow.mid,2,1813,{0},97.90004405501982,2/4,G,238.23333333333332
..\..\data\oldvarag.mid,oldvarag.mid,2,1126,{0},80.99997165000993,2/4,Eb,182.00833333333333
..\..\data\olevabbq.mid,olevabbq.mid,2,2424,{0},88.00002346667293,2/4,Bb,332.0083333333333
..\..\data\oneasyst.mid,oneasyst.mid,2,2203,{0},93.99998120000376,2/4,G,308.0083333333333
..\..\data\oneothem.mid,oneothem.mid,2,1722,{0},85.00004250002125,2/4,C,242.00833333333333
..\..\data\onthpike.mid,onthpike.mid,2,2204,{0},94.99999208333399,2/4,C,300.0083333333333
..\..\data\operatic.mid,operatic.mid,2,2006,{0},96.31004128490436,2/4,F,292.1333333333333
..\..\data\ophelia.mid,ophelia.mid,2,2032,{0},77.99997660000702,2/4,C,245.00833333333333
..\..\data\original.mid,original.mid,2,2991,{0},91.99998773333498,2/4,G,379.0083333333333
..\..\data\oyoudevl.mid,oyoudevl.mid,2,2205,{0},173.99979120025057,4/4,C,643.0083333333333
..\..\data\palmleaf.mid,palmleaf.mid,2,1983,{0},80.0,2/4,Bb,276.01666666666665
..\..\data\panama.mid,panama.mid,2,1805,{0},98.06998273968304,2/4,C,268.06666666666666
..\..\data\paragon.mid,paragon.mid,2,2805,{0},78.74997539063268,2/4,G,302.55
..\..\data\paramont.mid,paramont.mid,2,2458,{0},91.99998773333498,2/4,Ab,318.01666666666665
..\..\data\pastime1.mid,pastime1.mid,2,2034,{0},74.22004015304172,2/4,C,212.01666666666668
..\..\data\pastime2.mid,pastime2.mid,3,1933,{0},83.99996640001343,2/4,Bb,269.0083333333333
..\..\data\pastime3.mid,pastime3.mid,2,2760,{0},52.000006933334255,2/4,Bb,283.0083333333333
..\..\data\pastime4.mid,pastime4.mid,2,2226,{0},75.5999803440051,2/4,F,201.75833333333333
..\..\data\pastime5.mid,pastime5.mid,2,2811,{0},83.99996640001343,2/4,G,266.0083333333333
..\..\data\patricia.mid,patricia.mid,2,2440,{0},85.79002605157125,2/4,Eb,308.01666666666665
..\..\data\pchsncrm.mid,pchsncrm.mid,2,1942,{0},86.00005160003096,2/4,C,274.0083333333333
..\..\data\peacepln.mid,peacepln.mid,2,2644,{0},100.0,2/4,C,318.01666666666665
..\..\data\peachern.mid,peachern.mid,2,2450,{0},97.9999836666694,2/4,Eb,301.0083333333333
..\..\data\peanuts.mid,peanuts.mid,2,1853,{0},97.9999836666694,2/4,C,265.59166666666664
..\..\data\pegasus.mid,pegasus.mid,2,2499,{0},82.00003553334874,2/4,C,275.35
..\..\data\pettcoat.mid,pettcoat.mid,2,2470,{0},169.66982252536565,4/4,C,523.175
..\..\data\pflhenry.mid,pflhenry.mid,2,2285,{0},160.0,4/4,C,506.0083333333333
..\..\data\pickanny.mid,pickanny.mid,3,1698,"{0, 73}",107.99991360006912,4/4,Bb,280.0104166666667
..\..\data\pineappl.mid,pineappl.mid,2,2802,{0},91.80994118043101,2/4,Bb,318.01666666666665
..\..\data\pklspepr.mid,pklspepr.mid,2,2179,{0},87.82998457119938,2/4,Ab,286.51666666666665
..\..\data\plsntmmt.mid,plsntmmt.mid,2,1578,{0},126.8000321226748,3/4,G,387.01666666666665
..\..\data\poison.mid,poison.mid,2,2763,{0},83.99996640001343,2/4,Eb,298.01666666666665
..\..\data\poisoniv.mid,poisoniv.mid,2,1714,{0},88.00002346667293,2/4,F,235.05
..\..\data\policykg.mid,policykg.mid,2,2100,{0},80.39996301601701,2/4,C,293.0083333333333
..\..\data\powderrg.mid,powderrg.mid,2,3191,{0},173.99979120025057,4/4,C,635.0083333333333
..\..\data\prideobt.mid,prideobt.mid,2,1769,{0},85.00004250002125,2/4,F,211.00833333333333
..\..\data\princess.mid,princess.mid,2,1959,{0},77.99997660000702,2/4,C,243.00833333333333
..\..\data\pssmttrs.mid,pssmttrs.mid,2,1859,{0},177.99981606685674,4/4,Ab,536.0083333333333
..\..\data\qnoflove.mid,qnoflove.mid,2,2494,{0},210.00021000021,4/4,Ab,728.0083333333333
..\..\data\qnraglin.mid,qnraglin.mid,2,2306,{0},109.99990833340972,2/4,Ab,332.0083333333333
..\..\data\quality.mid,quality.mid,2,2776,{0},93.99998120000376,2/4,Ab,298.01666666666665
..\..\data\queenrag.mid,queenrag.mid,2,2474,{0},77.99997660000702,2/4,F,259.0083333333333
..\..\data\ragbaby.mid,ragbaby.mid,2,1695,{0},83.99996640001343,2/4,D,235.00833333333333
..\..\data\ragbag.mid,ragbag.mid,2,1771,{0},69.99998833333528,2/4,Eb,267.0083333333333
..\..\data\ragbetty.mid,ragbetty.mid,2,2445,{0},86.00005160003096,2/4,Bb,298.01666666666665
..\..\data\ragdance.mid,ragdance.mid,3,2757,{0},90.07994595203243,2/4,Bb,318.01666666666665
..\..\data\raggyrag.mid,raggyrag.mid,2,2257,{0},48.0,2/4,C,237.00833333333333
..\..\data\ragpckrs.mid,ragpckrs.mid,2,2703,{0},86.00005160003096,2/4,G,334.0083333333333
..\..\data\ragterry.mid,ragterry.mid,2,2251,{0},98.25000368437514,2/4,G,258.01666666666665
..\..\data\ragtown.mid,ragtown.mid,2,5338,{0},80.0,2/4,Eb,747.0083333333333
..\..\data\railroad.mid,railroad.mid,2,973,{0},160.0,4/4,Eb,207.09166666666667
..\..\data\rainbow.mid,rainbow.mid,2,2786,{0},104.99992125005906,2/4,Bb,373.0083333333333
..\..\data\rats.mid,rats.mid,2,2075,{0},92.3599822668834,2/4,Bb,180.09166666666667
..\..\data\rattler.mid,rattler.mid,2,2692,{0},91.89993934604003,2/4,G,261.925
..\..\data\rbbrplnt.mid,rbbrplnt.mid,2,1783,{0},89.9999550000225,2/4,C,236.00833333333333
..\..\data\redpeppr.mid,redpeppr.mid,2,2113,{0},83.99996640001343,2/4,C,288.01666666666665
..\..\data\redpeprs.mid,redpeprs.mid,2,2490,{0},94.99999208333399,2/4,C,307.0083333333333
..\..\data\redrose.mid,redrose.mid,2,1203,{0},96.0,2/4,C,137.34166666666667
..\..\data\reflectn.mid,reflectn.mid,2,2716,{0},83.95001616037811,2/4,Bb,358.01666666666665
..\..\data\reindeer.mid,reindeer.mid,2,2428,{0},88.00002346667293,2/4,G,500.0083333333333
..\..\data\rgalydrm.mid,rgalydrm.mid,2,2628,{0},83.99996640001343,2/4,Eb,283.0083333333333
..\..\data\rgmedley.mid,rgmedley.mid,2,2740,{0},91.99998773333498,2/4,G,321.0083333333333
..\..\data\rgs2burn.mid,rgs2burn.mid,2,3992,{0},160.80014150412453,4/4,Bb,1015.3416666666667
..\..\data\rgsnttrs.mid,rgsnttrs.mid,2,2099,{0},94.99999208333399,2/4,F,299.0083333333333
..\..\data\richmond.mid,richmond.mid,2,1643,{0},100.0,2/4,C,204.00833333333333
..\..\data\ripples.mid,ripples.mid,2,1861,{0},91.99998773333498,2/4,C,279.05833333333334
..\..\data\rivrside.mid,rivrside.mid,2,2286,{0},89.9999550000225,2/4,C,269.0083333333333
..\..\data\robardna.mid,robardna.mid,2,2926,{0},100.0,2/4,C,364.0083333333333
..\..\data\rosebudm.mid,rosebudm.mid,2,2488,{0},174.39021554630642,6/8,G,510.55
..\..\data\roseleaf.mid,roseleaf.mid,2,3053,{0},79.09994805770077,2/4,C,318.01666666666665
..\..\data\royflush.mid,royflush.mid,2,1939,{0},91.99998773333498,2/4,G,267.9166666666667
..\..\data\rtchimes.mid,rtchimes.mid,2,1871,{0},91.99998773333498,2/4,G,266.0083333333333
..\..\data\rtnghtng.mid,rtnghtng.mid,2,2821,{0},72.50001812500453,2/4,Eb,278.01666666666665
..\..\data\rtnitemr.mid,rtnitemr.mid,2,1199,{0},86.00005160003096,2/4,C,149.525
..\..\data\rtoriole.mid,rtoriole.mid,2,2979,{0},86.00005160003096,2/4,Ab,334.0083333333333
..\..\data\rtviolin.mid,rtviolin.mid,3,1713,"{0, 85}",130.00013000013,4/4,D,345.0083333333333
..\..\data\rzzamzza.mid,rzzamzza.mid,2,1703,{0},96.05994140343574,2/4,F,278.01666666666665
..\..\data\saphorag.mid,saphorag.mid,2,2265,{0},72.00002880001152,2/4,Bb,277.0083333333333
..\..\data\sasktoon.mid,sasktoon.mid,2,1892,{0},83.99996640001343,2/4,F,223.50833333333333
..\..\data\satisfed.mid,satisfed.mid,2,2044,{0},98.09996713651101,2/4,Bb,278.51666666666665
..\..\data\scandlus.mid,scandlus.mid,2,1676,{0},82.00003553334874,2/4,C,213.00833333333333
..\..\data\scroochn.mid,scroochn.mid,2,1559,{0},180.04014895321657,4/4,Bb,346.51666666666665
..\..\data\scrubrag.mid,scrubrag.mid,2,1370,{0},85.00004250002125,2/4,Eb,163.00833333333333
..\..\data\sensatn.mid,sensatn.mid,2,2093,{0},96.97001040811445,2/4,G,259.05
..\..\data\sentmntl.mid,sentmntl.mid,2,2849,{0},80.0,2/4,Eb,299.01666666666665
..\..\data\shakeyod.mid,shakeyod.mid,3,1819,"{0, 85}",180.00018000018,4/4,F,522.0083333333333
..\..\data\shamrock.mid,shamrock.mid,2,1772,{0},170.42985249296268,4/4,Eb,335.2
..\..\data\sheath.mid,sheath.mid,2,2520,{0},77.99997660000702,2/4,G,290.0083333333333
..\..\data\shvlfish.mid,shvlfish.mid,2,3133,{0},89.9999550000225,2/4,C,395.34166666666664
..\..\data\silksrag.mid,silksrag.mid,2,3987,{0},110.40005299202544,2/4,C,1017.0083333333333
..\..\data\skedadle.mid,skedadle.mid,2,1808,{0},105.99995053335641,2/4,G,270.51666666666665
..\..\data\skeleton.mid,skeleton.mid,2,1345,{0},105.99995053335641,2/4,F,201.34166666666667
..\..\data\skyrockt.mid,skyrockt.mid,2,2308,{0},92.08004211127259,2/4,G,283.9166666666667
..\..\data\sleepyhr.mid,sleepyhr.mid,2,2940,{0},163.9998469334762,4/4,Eb,556.0166666666667
..\..\data\sleepylu.mid,sleepylu.mid,2,2087,{0},75.99996960001216,2/4,Eb,203.00833333333333
..\..\data\slivers.mid,slivers.mid,2,2104,{0},69.99998833333528,2/4,C,269.0083333333333
..\..\data\slpryelm.mid,slpryelm.mid,2,1726,{0},73.99998273333736,2/4,Eb,237.00833333333333
..\..\data\slpysdny.mid,slpysdny.mid,2,2266,{0},77.99997660000702,2/4,G,269.01666666666665
..\..\data\slvrbell.mid,slvrbell.mid,3,2637,"{0, 14}",104.99992125005906,2/4,G,373.0083333333333
..\..\data\slvrswan.mid,slvrswan.mid,2,2457,{0},83.08005455590249,2/4,Bb,318.01666666666665
..\..\data\smiler.mid,smiler.mid,2,1981,{0},80.0,2/4,F,277.0083333333333
..\..\data\smkytpz.mid,smkytpz.mid,2,2515,{0},75.0,2/4,Ab,339.0083333333333
..\..\data\smmrbrze.mid,smmrbrze.mid,2,2444,{0},69.99998833333528,2/4,C,309.0083333333333
..\..\data\snowbabe.mid,snowbabe.mid,2,2316,{0},96.0,2/4,A,277.0083333333333
..\..\data\snowball.mid,snowball.mid,2,2969,{0},145.00003625000906,3/4,F,748.0083333333333
..\..\data\snrgsmpn.mid,snrgsmpn.mid,3,2378,"{57, 58, 52}",156.000156000156,1/4,C,424.675
..\..\data\solace.mid,solace.mid,2,2156,{0},56.99997720000912,2/4,C,496.0083333333333
..\..\data\somthngd.mid,somthngd.mid,2,2284,{0},80.0,2/4,F,301.34166666666664
..\..\data\sourgrps.mid,sourgrps.mid,2,2359,{0},91.99998773333498,2/4,C,267.0083333333333
..\..\data\sponge.mid,sponge.mid,2,2052,{0},75.0,2/4,Ab,239.00833333333333
..\..\data\sragmed1.mid,sragmed1.mid,2,1634,{0},129.7000038910001,4/4,Bb,461.0083333333333
..\..\data\sragmed2.mid,sragmed2.mid,2,2009,{0},75.0,2/4,Ab,318.0083333333333
..\..\data\srchlite.mid,srchlite.mid,2,2604,{0},72.00002880001152,2/4,Bb,299.0083333333333
..\..\data\standbyf.mid,standbyf.mid,2,2519,{0},125.28005311874253,2/4,F,417.59166666666664
..\..\data\stlouis.mid,stlouis.mid,2,2193,{0},96.99995311668933,2/4,C,296.0083333333333
..\..\data\stltckle.mid,stltckle.mid,2,2640,{0},80.0,2/4,C,337.0083333333333
..\..\data\stngingb.mid,stngingb.mid,2,1962,{0},104.99992125005906,2/4,C,294.0083333333333
..\..\data\stoptime.mid,stoptime.mid,3,3035,"{0, 115}",104.99992125005906,2/4,C,308.0083333333333
..\..\data\strelife.mid,strelife.mid,2,2482,{0},80.19996524668173,2/4,C,307.45
..\..\data\sugrcane.mid,sugrcane.mid,2,2610,{0},89.00004005001803,2/4,Bb,294.0083333333333
..\..\data\sumthind.mid,sumthind.mid,2,1862,{0},75.99996960001216,2/4,F,293.0083333333333
..\..\data\sunburst.mid,sunburst.mid,2,2257,{0},86.00005160003096,2/4,G,298.01666666666665
..\..\data\sunflwrd.mid,sunflwrd.mid,2,2689,{0},75.20003208534702,2/4,Bb,307.3333333333333
..\..\data\surefire.mid,surefire.mid,2,1828,{0},89.9999550000225,2/4,F,267.0083333333333
..\..\data\swaneerg.mid,swaneerg.mid,2,2611,{0},95.95992713442867,2/4,C,430.23333333333335
..\..\data\swaneerp.mid,swaneerp.mid,2,2525,{0},172.00010320006191,4/4,C,530.85
..\..\data\swipesy.mid,swipesy.mid,2,2371,{0},88.14999603325018,2/4,Bb,299.575
..\..\data\swmptwns.mid,swmptwns.mid,2,2008,{0},89.9999550000225,2/4,G,238.00833333333333
..\..\data\swtpckls.mid,swtpckls.mid,2,1862,{0},82.00003553334874,2/4,Ab,303.0083333333333
..\..\data\sycamore.mid,sycamore.mid,2,2119,{0},98.25997952917093,2/4,G,267.2
..\..\data\sympjspr.mid,sympjspr.mid,2,2226,{0},173.99979120025057,4/4,G,487.0083333333333
..\..\data\tangleft.mid,tangleft.mid,2,2662,{0},75.99996960001216,2/4,C,299.0083333333333
..\..\data\teasinrg.mid,teasinrg.mid,2,2535,{0},91.99998773333498,2/4,G,264.0083333333333
..\..\data\temptatn.mid,temptatn.mid,2,2211,{0},97.9999836666694,2/4,Eb,285.0083333333333
..\..\data\tennjubl.mid,tennjubl.mid,2,1680,{0},170.0000850000425,4/4,C,470.0083333333333
..\..\data\texasfox.mid,texasfox.mid,2,2839,{0},143.99988480009216,4/4,Ab,516.0083333333333
..\..\data\thatgosh.mid,thatgosh.mid,2,2589,{0},90.24999247916729,2/4,Ab,236.40833333333333
..\..\data\thatsent.mid,thatsent.mid,2,2731,{0},75.99996960001216,2/4,F,308.01666666666665
..\..\data\thatxrag.mid,thatxrag.mid,2,2683,{0},191.78029649233838,4/4,F,492.2583333333333
..\..\data\thecandy.mid,thecandy.mid,2,2392,{0},88.00002346667293,2/4,Eb,267.0083333333333
..\..\data\thepeach.mid,thepeach.mid,2,2580,{0},64.99999458333379,2/4,F,299.0083333333333
..\..\data\thirdavl.mid,thirdavl.mid,2,2449,{0},82.00003553334874,2/4,F,302.51666666666665
..\..\data\thompson.mid,thompson.mid,2,916,{0},120.0,2/4,D,135.09166666666667
..\..\data\thpippin.mid,thpippin.mid,2,1783,{0},82.00003553334874,2/4,Ab,227.00833333333333
..\..\data\thriller.mid,thriller.mid,2,1895,{0},95.8800349003327,2/4,Ab,230.125
..\..\data\tickled2.mid,tickled2.mid,2,1886,{0},196.0002874670883,4/4,Ab,495.09166666666664
..\..\data\tntntlzr.mid,tntntlzr.mid,2,1627,{0},80.99997165000993,2/4,F,235.00833333333333
..\..\data\tobasco.mid,tobasco.mid,2,2222,{0},172.00010320006191,3/4,G,577.0083333333333
..\..\data\toboggan.mid,toboggan.mid,2,2113,{0},100.83999717648008,2/4,C,302.53333333333336
..\..\data\tomjerry.mid,tomjerry.mid,2,2684,{0},75.99996960001216,2/4,C,300.0083333333333
..\..\data\toomchrb.mid,toomchrb.mid,2,2024,{0},170.0000850000425,4/4,C,490.0083333333333
..\..\data\toomuchm.mid,toomuchm.mid,2,1855,{0},96.0,2/4,F,309.0083333333333
..\..\data\topliner.mid,topliner.mid,2,2996,{0},85.00004250002125,2/4,Ab,298.0083333333333
..\..\data\totlydif.mid,totlydif.mid,2,2381,{0},75.99996960001216,2/4,Eb,227.00833333333333
..\..\data\trilby.mid,trilby.mid,2,1931,{0},115.20007372804719,2/4,C,332.0083333333333
..\..\data\trombone.mid,trombone.mid,2,2608,{0},145.20004936801678,4/4,F,676.0083333333333
..\..\data\troubadr.mid,troubadr.mid,2,2923,{0},77.99997660000702,2/4,Bb,301.0083333333333
..\..\data\trouble.mid,trouble.mid,2,2073,{0},82.00003553334874,2/4,C,235.00833333333333
..\..\data\Twelfth_Street_Rag_[1914]_composed_by_Euday_L._Bowman_www.ragtimemusic.com.mid,Twelfth_Street_Rag_[1914]_composed_by_Euday_L._Bowman_www.ragtimemusic.com.mid,2,1983,{0},189.1902970602981,4/4,Bb,492.01666666666665
..\..\data\vacreepr.mid,vacreepr.mid,2,1879,{0},94.99999208333399,2/4,C,340.0083333333333
..\..\data\variety.mid,variety.mid,2,2149,{0},96.05994140343574,2/4,F,308.01666666666665
..\..\data\victory.mid,victory.mid,2,2509,{0},95.9100747139482,2/4,C,310.125
..\..\data\virginia.mid,virginia.mid,2,1615,{0},100.0,2/4,G,237.00833333333333
..\..\data\walknrbr.mid,walknrbr.mid,2,2220,{0},85.2000426000213,2/4,D,316.0083333333333
..\..\data\wallst.mid,wallst.mid,2,2563,{0},81.85996761073949,2/4,C,278.01666666666665
..\..\data\watrmelt.mid,watrmelt.mid,2,2321,{0},151.99993920002433,4/4,G,537.0083333333333
..\..\data\weary.mid,weary.mid,2,1955,{0},218.00028340036843,4/4,G,590.4583333333334
..\..\data\weepingw.mid,weepingw.mid,2,2451,{0},69.82996403756852,2/4,G,299.10833333333335
..\..\data\whoamaud.mid,whoamaud.mid,2,2202,{0},87.85995123772706,2/4,C,267.9916666666667
..\..\data\whoanell.mid,whoanell.mid,2,3014,{0},73.99998273333736,2/4,Eb,334.0083333333333
..\..\data\whoauhfr.mid,whoauhfr.mid,2,1906,{0},85.00004250002125,2/4,Bb,241.00833333333333
..\..\data\wholcout.mid,wholcout.mid,3,2643,"{0, 60}",89.9999550000225,2/4,C,319.0083333333333
..\..\data\whtremus.mid,whtremus.mid,2,1661,{0},172.00010320006191,4/4,Eb,502.0083333333333
..\..\data\wildcher.mid,wildcher.mid,2,2044,{0},109.99990833340972,2/4,C,342.84166666666664
..\..\data\windcity.mid,windcity.mid,2,2098,{0},195.21019257485497,6/8,Eb,465.25
..\..\data\wireless.mid,wireless.mid,2,1744,{0},96.0,2/4,Eb,204.00833333333333
..\..\data\wrldfair.mid,wrldfair.mid,2,2299,{0},75.0,2/4,Eb,253.00833333333333
..\..\data\wwashman.mid,wwashman.mid,2,1999,{0},89.9999550000225,2/4,C,238.00833333333333
..\..\data\wwillowr.mid,wwillowr.mid,2,1703,{0},80.0,2/4,Eb,235.00833333333333
..\..\data\xlrag.mid,xlrag.mid,2,2282,{0},94.80994556328959,4/8,Db,275.0083333333333
..\..\data\yellwdog.mid,yellwdog.mid,2,2124,{0},151.99993920002433,4/4,D,384.5083333333333
..\..\data\ywesmile.mid,ywesmile.mid,2,1742,{0},86.00005160003096,2/4,F,238.00833333333333
..\..\data\ziz.mid,ziz.mid,2,2705,{0},120.3299447083904,2/4,Bb,438.01666666666665
